{"cameraMode":{"drawMode":0,"name":"Shaded","section":"Shading Mode"},"sceneLighting":true,"audioPlay":false,"sceneViewState":{"m_AlwaysRefresh":false,"showFog":true,"showSkybox":true,"showFlares":true,"showImageEffects":true,"showParticleSystems":true,"showVisualEffectGraphs":true,"m_FxEnabled":true},"in2DMode":false,"pivot":{"x":1.358339786529541,"y":0.7636398673057556,"z":-0.5703884363174439},"rotation":{"x":0.011249623261392117,"y":0.9725927114486694,"z":-0.22721390426158906,"w":0.04818503558635712},"size":9.208111763000489,"orthographic":false}